id,username,email,password
1,johndoe,johndoe@example.com,password1
2,janesmith,janesmith@example.com,password2
3,alicejones,alicejones@example.com,password3
4,bobwilson,bobwilson@example.com,password4
5,emilybrown,emilybrown@example.com,password5
6,johndoe,johndoe@example.com,password1
7,janesmith,janesmith@example.com,password2
8,alicejones,alicejones@example.com,password3
9,bobwilson,bobwilson@example.com,password4
10,emilybrown,emilybrown@example.com,password5
11,johndoe,johndoe@example.com,password1
12,janesmith,janesmith@example.com,password2
13,alicejones,alicejones@example.com,password3
14,bobwilson,bobwilson@example.com,password4
15,emilybrown,emilybrown@example.com,password5
16,johndoe,johndoe@example.com,password1
17,janesmith,janesmith@example.com,password2
18,alicejones,alicejones@example.com,password3
19,bobwilson,bobwilson@example.com,password4
20,emilybrown,emilybrown@example.com,password5
21,Nafis,nr@g.com,123
22,nrtg,nrtg@g.com,123
